,n_sim,team_1,team_2
0,1,Audax Italiano,Universidad de Chile
1,2,Universidad de Concepción,Universidad de Chile
2,3,Coquimbo Unido,Iquique
3,4,Coquimbo Unido,Universidad de Chile
4,5,Iquique,Iquique
5,6,Coquimbo Unido,Universidad de Chile
6,7,Coquimbo Unido,Iquique
7,8,Universidad de Concepción,Curicó Unido
8,9,Universidad de Concepción,Universidad de Chile
9,10,Colo-Colo,Curicó Unido
10,11,Coquimbo Unido,Iquique
11,12,Colo-Colo,Iquique
12,13,Colo-Colo,Universidad de Chile
13,14,Universidad de Concepción,Curicó Unido
14,15,Colo-Colo,Iquique
15,16,Universidad de Concepción,Curicó Unido
16,17,Coquimbo Unido,Curicó Unido
17,18,Colo-Colo,Curicó Unido
18,19,Universidad de Concepción,Curicó Unido
19,20,Colo-Colo,Universidad de Concepción
20,21,Universidad de Concepción,Universidad de Chile
21,22,Universidad de Concepción,Curicó Unido
22,23,Coquimbo Unido,Iquique
23,24,Coquimbo Unido,Universidad de Chile
24,25,Universidad de Concepción,Curicó Unido
25,26,Coquimbo Unido,Universidad de Chile
26,27,Coquimbo Unido,Curicó Unido
27,28,Coquimbo Unido,Curicó Unido
28,29,Coquimbo Unido,Universidad de Concepción
29,30,Audax Italiano,Universidad de Chile
30,31,Colo-Colo,Curicó Unido
31,32,Universidad de Concepción,Universidad de Chile
32,33,Universidad de Concepción,Curicó Unido
33,34,Coquimbo Unido,Universidad de Chile
34,35,Universidad de Concepción,Universidad de Chile
35,36,Coquimbo Unido,Curicó Unido
36,37,Coquimbo Unido,Universidad de Chile
37,38,Iquique,Iquique
38,39,Coquimbo Unido,Universidad de Chile
39,40,Coquimbo Unido,Iquique
40,41,Coquimbo Unido,Iquique
41,42,Colo-Colo,Iquique
42,43,Coquimbo Unido,Iquique
43,44,Colo-Colo,Universidad de Chile
44,45,Colo-Colo,Curicó Unido
45,46,Universidad de Concepción,Curicó Unido
46,47,Audax Italiano,Iquique
47,48,Iquique,Iquique
48,49,Colo-Colo,Iquique
49,50,Universidad de Concepción,Curicó Unido
50,51,Coquimbo Unido,Universidad de Concepción
51,52,Universidad de Concepción,Antofagasta
52,53,Audax Italiano,Iquique
53,54,Colo-Colo,Universidad de Chile
54,55,Colo-Colo,Iquique
55,56,Iquique,Iquique
56,57,Universidad de Concepción,Universidad de Chile
57,58,Colo-Colo,Curicó Unido
58,59,La Serena,Iquique
59,60,Coquimbo Unido,Iquique
60,61,Colo-Colo,Universidad de Chile
61,62,Universidad de Concepción,Universidad de Chile
62,63,Audax Italiano,Universidad de Chile
63,64,Coquimbo Unido,Universidad de Chile
64,65,Colo-Colo,Universidad de Chile
65,66,Colo-Colo,Iquique
66,67,Colo-Colo,Universidad de Concepción
67,68,Colo-Colo,Universidad de Concepción
68,69,La Serena,Curicó Unido
69,70,La Serena,Universidad de Concepción
70,71,Universidad de Concepción,Curicó Unido
71,72,Universidad de Concepción,Universidad de Chile
72,73,Colo-Colo,Universidad de Concepción
73,74,Coquimbo Unido,Universidad de Chile
74,75,Coquimbo Unido,Universidad de Chile
75,76,Colo-Colo,Universidad de Chile
76,77,Coquimbo Unido,Iquique
77,78,Universidad de Concepción,Universidad de Chile
78,79,Coquimbo Unido,Universidad de Chile
79,80,Coquimbo Unido,Universidad de Chile
80,81,Coquimbo Unido,Universidad de Chile
81,82,Coquimbo Unido,Iquique
82,83,Universidad de Concepción,Universidad de Chile
83,84,Coquimbo Unido,Universidad de Chile
84,85,Coquimbo Unido,Iquique
85,86,Coquimbo Unido,Curicó Unido
86,87,Colo-Colo,Universidad de Chile
87,88,Audax Italiano,Universidad de Chile
88,89,Colo-Colo,Universidad de Chile
89,90,Iquique,Iquique
90,91,Universidad de Concepción,Everton
91,92,Iquique,Iquique
92,93,Audax Italiano,Universidad de Chile
93,94,Colo-Colo,Universidad de Chile
94,95,Colo-Colo,Universidad de Chile
95,96,Colo-Colo,Universidad de Chile
96,97,Colo-Colo,Iquique
97,98,Cobresal,Universidad de Chile
98,99,Audax Italiano,Iquique
99,100,Coquimbo Unido,Iquique
100,101,Universidad de Concepción,Universidad de Chile
101,102,Audax Italiano,Iquique
102,103,Universidad de Concepción,Universidad de Chile
103,104,Colo-Colo,Universidad de Chile
104,105,Universidad de Concepción,Universidad de Chile
105,106,Colo-Colo,Curicó Unido
106,107,Colo-Colo,Universidad de Chile
107,108,Universidad de Concepción,Universidad de Chile
108,109,Colo-Colo,Universidad de Concepción
109,110,Colo-Colo,Iquique
110,111,Coquimbo Unido,Curicó Unido
111,112,Universidad de Concepción,Universidad de Chile
112,113,Audax Italiano,Iquique
113,114,Coquimbo Unido,Iquique
114,115,Iquique,Iquique
115,116,Audax Italiano,Iquique
116,117,Iquique,Iquique
117,118,Coquimbo Unido,Iquique
118,119,Universidad de Concepción,Universidad de Chile
119,120,Coquimbo Unido,Universidad de Chile
120,121,Coquimbo Unido,Universidad de Chile
121,122,Colo-Colo,Universidad de Concepción
122,123,Coquimbo Unido,Universidad de Chile
123,124,Iquique,Iquique
124,125,Universidad de Concepción,Universidad de Chile
125,126,Universidad de Concepción,Curicó Unido
126,127,Colo-Colo,Universidad de Chile
127,128,Coquimbo Unido,Universidad de Chile
128,129,Colo-Colo,Iquique
129,130,Colo-Colo,Universidad de Concepción
130,131,Coquimbo Unido,Iquique
131,132,Colo-Colo,Iquique
132,133,Universidad de Concepción,Universidad de Chile
133,134,Colo-Colo,Iquique
134,135,Iquique,Iquique
135,136,Universidad de Concepción,Universidad de Chile
136,137,Iquique,Iquique
137,138,Colo-Colo,Curicó Unido
138,139,Iquique,Iquique
139,140,Colo-Colo,Everton
140,141,Coquimbo Unido,Everton
141,142,Universidad de Concepción,Universidad de Chile
142,143,Universidad de Concepción,Curicó Unido
143,144,Coquimbo Unido,Universidad de Chile
144,145,Coquimbo Unido,Universidad de Chile
145,146,Universidad de Concepción,Universidad de Chile
146,147,Audax Italiano,Universidad de Chile
147,148,Colo-Colo,Universidad de Concepción
148,149,Colo-Colo,Universidad de Concepción
149,150,Colo-Colo,Curicó Unido
150,151,Audax Italiano,Iquique
151,152,Colo-Colo,Universidad de Chile
152,153,Audax Italiano,Universidad de Chile
153,154,Colo-Colo,Universidad de Chile
154,155,Coquimbo Unido,Universidad de Chile
155,156,Coquimbo Unido,Iquique
156,157,Universidad de Concepción,Curicó Unido
157,158,Iquique,Iquique
158,159,Universidad de Concepción,Curicó Unido
159,160,Colo-Colo,Universidad de Chile
160,161,Universidad de Concepción,Universidad de Chile
161,162,Colo-Colo,Universidad de Concepción
162,163,Coquimbo Unido,Universidad de Chile
163,164,Coquimbo Unido,Curicó Unido
164,165,Universidad de Concepción,Curicó Unido
165,166,Coquimbo Unido,Universidad de Chile
166,167,Coquimbo Unido,Universidad de Chile
167,168,Colo-Colo,Iquique
168,169,Colo-Colo,Universidad de Chile
169,170,Universidad de Concepción,Curicó Unido
170,171,Audax Italiano,Universidad de Chile
171,172,Coquimbo Unido,Universidad de Chile
172,173,Colo-Colo,Universidad de Chile
173,174,Coquimbo Unido,Universidad de Chile
174,175,Universidad de Concepción,Universidad de Chile
175,176,Colo-Colo,Curicó Unido
176,177,Colo-Colo,Universidad de Concepción
177,178,Coquimbo Unido,Antofagasta
178,179,Coquimbo Unido,Universidad de Concepción
179,180,Universidad de Concepción,Universidad de Chile
180,181,Universidad de Concepción,Universidad de Chile
181,182,Colo-Colo,Universidad de Chile
182,183,Audax Italiano,Universidad de Chile
183,184,Coquimbo Unido,Universidad de Chile
184,185,Universidad de Concepción,Universidad de Chile
185,186,Iquique,Iquique
186,187,Colo-Colo,Universidad de Chile
187,188,Coquimbo Unido,Universidad de Chile
188,189,Iquique,Iquique
189,190,La Serena,Universidad de Chile
190,191,Universidad de Concepción,Universidad de Chile
191,192,Universidad de Concepción,Universidad de Chile
192,193,Coquimbo Unido,Universidad de Concepción
193,194,Universidad de Concepción,Universidad de Chile
194,195,Coquimbo Unido,Antofagasta
195,196,Universidad de Concepción,Universidad de Chile
196,197,Colo-Colo,Iquique
197,198,Iquique,Iquique
198,199,Colo-Colo,Universidad de Concepción
199,200,Universidad de Chile,Universidad de Concepción
200,201,Iquique,Iquique
201,202,Coquimbo Unido,Iquique
202,203,Audax Italiano,Universidad de Chile
203,204,Colo-Colo,Universidad de Concepción
204,205,Universidad de Concepción,Universidad de Chile
205,206,Universidad de Concepción,Universidad de Chile
206,207,Iquique,Iquique
207,208,La Serena,Universidad de Chile
208,209,Colo-Colo,Everton
209,210,Universidad de Concepción,Universidad de Chile
210,211,Colo-Colo,Iquique
211,212,Coquimbo Unido,Antofagasta
212,213,Audax Italiano,Universidad de Chile
213,214,Colo-Colo,Universidad de Chile
214,215,Colo-Colo,Universidad de Chile
215,216,Colo-Colo,Universidad de Chile
216,217,Universidad de Concepción,Universidad de Chile
217,218,Coquimbo Unido,Universidad de Chile
218,219,Universidad de Concepción,Universidad de Chile
219,220,Universidad de Concepción,Universidad de Chile
220,221,Coquimbo Unido,Curicó Unido
221,222,Universidad de Concepción,Antofagasta
222,223,Universidad de Concepción,Universidad de Chile
223,224,Colo-Colo,Universidad de Chile
224,225,Coquimbo Unido,Universidad de Chile
225,226,Coquimbo Unido,Universidad de Concepción
226,227,Colo-Colo,Iquique
227,228,Coquimbo Unido,Universidad de Chile
228,229,Coquimbo Unido,Universidad de Chile
229,230,Audax Italiano,Iquique
230,231,Colo-Colo,Universidad de Chile
231,232,Coquimbo Unido,Iquique
232,233,Coquimbo Unido,Universidad de Concepción
233,234,Colo-Colo,Iquique
234,235,Coquimbo Unido,Universidad de Chile
235,236,Coquimbo Unido,Universidad de Chile
236,237,Colo-Colo,Universidad de Chile
237,238,Coquimbo Unido,Universidad de Concepción
238,239,Coquimbo Unido,Curicó Unido
239,240,Coquimbo Unido,Universidad de Chile
240,241,Coquimbo Unido,Universidad de Concepción
241,242,Universidad de Concepción,Universidad de Chile
242,243,Colo-Colo,Iquique
243,244,Colo-Colo,Universidad de Concepción
244,245,Coquimbo Unido,Universidad de Chile
245,246,Universidad de Concepción,Curicó Unido
246,247,La Serena,Universidad de Chile
247,248,Coquimbo Unido,Curicó Unido
248,249,Iquique,Iquique
249,250,Universidad de Concepción,Curicó Unido
250,251,Colo-Colo,Universidad de Chile
251,252,Universidad de Concepción,Universidad de Chile
252,253,Coquimbo Unido,Iquique
253,254,Coquimbo Unido,Universidad de Chile
254,255,Cobresal,Universidad de Chile
255,256,Coquimbo Unido,Curicó Unido
256,257,La Serena,Iquique
257,258,Colo-Colo,Universidad de Concepción
258,259,Colo-Colo,Universidad de Chile
259,260,Coquimbo Unido,Universidad de Chile
260,261,Coquimbo Unido,Universidad de Chile
261,262,Coquimbo Unido,Universidad de Chile
262,263,Coquimbo Unido,Universidad de Chile
263,264,Colo-Colo,Iquique
264,265,Colo-Colo,Iquique
265,266,La Serena,Universidad de Chile
266,267,Colo-Colo,Universidad de Chile
267,268,Coquimbo Unido,Universidad de Chile
268,269,Universidad de Concepción,Curicó Unido
269,270,Colo-Colo,Universidad de Concepción
270,271,Universidad de Concepción,Universidad de Chile
271,272,Universidad de Concepción,Universidad de Chile
272,273,Audax Italiano,Universidad de Chile
273,274,Colo-Colo,Universidad de Chile
274,275,Universidad de Concepción,Curicó Unido
275,276,Iquique,Iquique
276,277,Iquique,Iquique
277,278,Colo-Colo,Universidad de Chile
278,279,Universidad de Concepción,Curicó Unido
279,280,Coquimbo Unido,Universidad de Concepción
280,281,Universidad de Concepción,Universidad de Chile
281,282,Colo-Colo,Universidad de Chile
282,283,Colo-Colo,Universidad de Chile
283,284,Colo-Colo,Curicó Unido
284,285,Coquimbo Unido,Universidad de Chile
285,286,Universidad de Concepción,Curicó Unido
286,287,Coquimbo Unido,Universidad de Concepción
287,288,Coquimbo Unido,Everton
288,289,Audax Italiano,Iquique
289,290,Coquimbo Unido,Universidad de Chile
290,291,Colo-Colo,Universidad de Chile
291,292,Colo-Colo,Iquique
292,293,Universidad de Concepción,Antofagasta
293,294,La Serena,Iquique
294,295,Coquimbo Unido,Curicó Unido
295,296,Colo-Colo,Universidad de Chile
296,297,Colo-Colo,Iquique
297,298,Audax Italiano,Universidad de Concepción
298,299,La Serena,Iquique
299,300,Colo-Colo,Iquique
300,301,Audax Italiano,Iquique
301,302,Coquimbo Unido,Universidad de Chile
302,303,Iquique,Iquique
303,304,Colo-Colo,Iquique
304,305,Iquique,Iquique
305,306,Coquimbo Unido,Iquique
306,307,Universidad de Concepción,Universidad de Chile
307,308,Colo-Colo,Universidad de Chile
308,309,Iquique,Iquique
309,310,Colo-Colo,Iquique
310,311,Colo-Colo,Iquique
311,312,Universidad de Concepción,Curicó Unido
312,313,Universidad de Concepción,Universidad de Chile
313,314,Coquimbo Unido,Universidad de Chile
314,315,Coquimbo Unido,Curicó Unido
315,316,Iquique,Curicó Unido
316,317,Colo-Colo,Iquique
317,318,Universidad de Concepción,Universidad de Chile
318,319,Coquimbo Unido,Universidad de Chile
319,320,Coquimbo Unido,Universidad de Chile
320,321,La Serena,Universidad de Chile
321,322,Iquique,Iquique
322,323,Coquimbo Unido,Universidad de Chile
323,324,Colo-Colo,Iquique
324,325,O'Higgins,Everton
325,326,Colo-Colo,Iquique
326,327,Coquimbo Unido,Universidad de Chile
327,328,Iquique,Universidad de Chile
328,329,Audax Italiano,Iquique
329,330,Coquimbo Unido,Universidad de Chile
330,331,Iquique,Iquique
331,332,Iquique,Iquique
332,333,Iquique,Iquique
333,334,Iquique,Iquique
334,335,Universidad de Concepción,Universidad de Chile
335,336,Colo-Colo,Universidad de Chile
336,337,Colo-Colo,Iquique
337,338,Colo-Colo,Universidad de Chile
338,339,Universidad de Concepción,Universidad de Chile
339,340,Colo-Colo,Universidad de Chile
340,341,Universidad de Concepción,Universidad de Chile
341,342,Colo-Colo,Iquique
342,343,Colo-Colo,Universidad de Chile
343,344,Colo-Colo,Universidad de Chile
344,345,Colo-Colo,Iquique
345,346,Universidad de Concepción,Curicó Unido
346,347,Universidad de Concepción,La Serena
347,348,Coquimbo Unido,Curicó Unido
348,349,Cobresal,Universidad de Chile
349,350,Iquique,Iquique
350,351,Universidad de Concepción,Curicó Unido
351,352,Coquimbo Unido,Universidad de Chile
352,353,Coquimbo Unido,Iquique
353,354,Audax Italiano,Iquique
354,355,Coquimbo Unido,Iquique
355,356,Coquimbo Unido,Universidad de Concepción
356,357,Universidad de Concepción,Universidad de Chile
357,358,Universidad de Concepción,Curicó Unido
358,359,Colo-Colo,Iquique
359,360,Colo-Colo,Universidad de Concepción
360,361,Coquimbo Unido,Curicó Unido
361,362,Colo-Colo,Universidad de Concepción
362,363,Universidad de Concepción,Antofagasta
363,364,Colo-Colo,Universidad de Chile
364,365,Colo-Colo,Universidad de Chile
365,366,Coquimbo Unido,Curicó Unido
366,367,Universidad de Concepción,Universidad de Chile
367,368,Coquimbo Unido,Antofagasta
368,369,Coquimbo Unido,Universidad de Concepción
369,370,Colo-Colo,Curicó Unido
370,371,Audax Italiano,Universidad de Chile
371,372,Iquique,Iquique
372,373,Colo-Colo,Universidad de Chile
373,374,Coquimbo Unido,Universidad de Concepción
374,375,Colo-Colo,Universidad de Concepción
375,376,Coquimbo Unido,Curicó Unido
376,377,Colo-Colo,Universidad de Chile
377,378,Colo-Colo,Universidad de Concepción
378,379,Universidad de Concepción,Universidad de Chile
379,380,Colo-Colo,Iquique
380,381,Coquimbo Unido,Universidad de Chile
381,382,Universidad de Concepción,Curicó Unido
382,383,Coquimbo Unido,Iquique
383,384,Coquimbo Unido,Antofagasta
384,385,Coquimbo Unido,Universidad de Chile
385,386,Iquique,Iquique
386,387,Universidad de Concepción,Universidad de Chile
387,388,Coquimbo Unido,Universidad de Concepción
388,389,Colo-Colo,Curicó Unido
389,390,Colo-Colo,Iquique
390,391,Universidad de Concepción,Universidad de Chile
391,392,Colo-Colo,Iquique
392,393,Iquique,Iquique
393,394,Colo-Colo,Iquique
394,395,Iquique,Iquique
395,396,Iquique,Iquique
396,397,Colo-Colo,Universidad de Chile
397,398,Colo-Colo,La Serena
398,399,Coquimbo Unido,Universidad de Chile
399,400,Colo-Colo,Universidad de Chile
400,401,Audax Italiano,Universidad de Chile
401,402,Coquimbo Unido,Iquique
402,403,Audax Italiano,Universidad de Concepción
403,404,Coquimbo Unido,Universidad de Chile
404,405,Universidad de Concepción,Curicó Unido
405,406,Coquimbo Unido,Universidad de Chile
406,407,Coquimbo Unido,Universidad de Chile
407,408,Coquimbo Unido,Universidad de Chile
408,409,La Serena,Universidad de Chile
409,410,Iquique,Iquique
410,411,Colo-Colo,Curicó Unido
411,412,Coquimbo Unido,Universidad de Chile
412,413,Universidad de Chile,Universidad de Concepción
413,414,Coquimbo Unido,Universidad de Chile
414,415,Coquimbo Unido,Curicó Unido
415,416,Audax Italiano,Iquique
416,417,Coquimbo Unido,Iquique
417,418,Universidad de Concepción,Universidad de Chile
418,419,Coquimbo Unido,Universidad de Chile
419,420,Audax Italiano,Iquique
420,421,Coquimbo Unido,Universidad de Chile
421,422,Universidad de Concepción,Universidad de Chile
422,423,Universidad de Concepción,La Serena
423,424,Colo-Colo,Universidad de Chile
424,425,Iquique,Curicó Unido
425,426,Coquimbo Unido,Iquique
426,427,Audax Italiano,Universidad de Chile
427,428,Coquimbo Unido,Iquique
428,429,Colo-Colo,Iquique
429,430,Coquimbo Unido,Curicó Unido
430,431,Iquique,Iquique
431,432,Iquique,Iquique
432,433,Coquimbo Unido,Iquique
433,434,Coquimbo Unido,Curicó Unido
434,435,Colo-Colo,Universidad de Chile
435,436,Coquimbo Unido,Iquique
436,437,Coquimbo Unido,Iquique
437,438,Coquimbo Unido,Universidad de Chile
438,439,Audax Italiano,Antofagasta
439,440,Coquimbo Unido,Universidad de Concepción
440,441,Colo-Colo,Universidad de Chile
441,442,Colo-Colo,Universidad de Concepción
442,443,Colo-Colo,Universidad de Chile
443,444,Universidad de Concepción,Universidad de Chile
444,445,Coquimbo Unido,Curicó Unido
445,446,Iquique,Iquique
446,447,Coquimbo Unido,Universidad de Concepción
447,448,Colo-Colo,Curicó Unido
448,449,Colo-Colo,La Serena
449,450,Colo-Colo,Universidad de Chile
450,451,Coquimbo Unido,Curicó Unido
451,452,Universidad de Concepción,Universidad de Chile
452,453,Universidad de Concepción,Universidad de Chile
453,454,La Serena,Universidad de Chile
454,455,Universidad de Concepción,Universidad de Chile
455,456,Iquique,Iquique
456,457,Colo-Colo,Iquique
457,458,Colo-Colo,Universidad de Chile
458,459,Iquique,Iquique
459,460,Coquimbo Unido,Curicó Unido
460,461,Universidad de Concepción,Universidad de Chile
461,462,Universidad de Concepción,Universidad de Chile
462,463,Colo-Colo,Universidad de Chile
463,464,Colo-Colo,Iquique
464,465,Colo-Colo,Universidad de Chile
465,466,Universidad de Concepción,Universidad de Chile
466,467,Coquimbo Unido,La Serena
467,468,Audax Italiano,Iquique
468,469,Universidad de Concepción,Universidad de Chile
469,470,Universidad de Concepción,Universidad de Chile
470,471,Coquimbo Unido,Universidad de Concepción
471,472,Universidad de Concepción,Universidad de Chile
472,473,Audax Italiano,Curicó Unido
473,474,Colo-Colo,Iquique
474,475,Universidad de Concepción,Curicó Unido
475,476,Coquimbo Unido,Universidad de Chile
476,477,Iquique,Iquique
477,478,Universidad de Concepción,Universidad de Chile
478,479,Audax Italiano,Universidad de Concepción
479,480,Colo-Colo,Iquique
480,481,Universidad de Concepción,Universidad de Chile
481,482,Colo-Colo,Universidad de Chile
482,483,Universidad de Concepción,Universidad de Chile
483,484,Coquimbo Unido,Iquique
484,485,Coquimbo Unido,Universidad de Concepción
485,486,Universidad de Concepción,Universidad de Chile
486,487,Coquimbo Unido,Iquique
487,488,Colo-Colo,Everton
488,489,Colo-Colo,Universidad de Chile
489,490,Colo-Colo,Iquique
490,491,Colo-Colo,Curicó Unido
491,492,Colo-Colo,Universidad de Chile
492,493,Coquimbo Unido,Universidad de Concepción
493,494,Colo-Colo,Universidad de Chile
494,495,Colo-Colo,Universidad de Concepción
495,496,Coquimbo Unido,Curicó Unido
496,497,Coquimbo Unido,Antofagasta
497,498,Coquimbo Unido,Universidad de Chile
498,499,Universidad de Concepción,Universidad de Chile
499,500,Coquimbo Unido,Universidad de Chile
500,501,Coquimbo Unido,Iquique
501,502,Iquique,Iquique
502,503,Universidad de Concepción,Curicó Unido
503,504,Colo-Colo,Universidad de Concepción
504,505,Coquimbo Unido,Curicó Unido
505,506,Coquimbo Unido,Universidad de Chile
506,507,Iquique,Iquique
507,508,Iquique,Iquique
508,509,La Serena,Universidad de Chile
509,510,Coquimbo Unido,Antofagasta
510,511,Coquimbo Unido,Universidad de Chile
511,512,Colo-Colo,Curicó Unido
512,513,Colo-Colo,Curicó Unido
513,514,Iquique,Iquique
514,515,Universidad de Concepción,Universidad de Chile
515,516,Coquimbo Unido,Curicó Unido
516,517,Colo-Colo,Universidad de Concepción
517,518,Colo-Colo,Everton
518,519,Colo-Colo,Universidad de Chile
519,520,Iquique,Iquique
520,521,Iquique,Iquique
521,522,Coquimbo Unido,Universidad de Chile
522,523,Coquimbo Unido,Universidad de Chile
523,524,Audax Italiano,Universidad de Chile
524,525,Coquimbo Unido,Universidad de Chile
525,526,Colo-Colo,Universidad de Chile
526,527,Colo-Colo,Universidad de Chile
527,528,Colo-Colo,Universidad de Concepción
528,529,Colo-Colo,Iquique
529,530,Coquimbo Unido,Iquique
530,531,Coquimbo Unido,Iquique
531,532,Coquimbo Unido,Iquique
532,533,La Serena,Universidad de Concepción
533,534,Coquimbo Unido,Curicó Unido
534,535,Coquimbo Unido,Universidad de Concepción
535,536,Colo-Colo,Universidad de Chile
536,537,Colo-Colo,Universidad de Chile
537,538,Universidad de Concepción,Universidad de Chile
538,539,Colo-Colo,Universidad de Chile
539,540,Universidad de Concepción,Universidad de Chile
540,541,Iquique,Iquique
541,542,Colo-Colo,Universidad de Concepción
542,543,Colo-Colo,Universidad de Chile
543,544,Universidad de Concepción,Universidad de Chile
544,545,Colo-Colo,Universidad de Chile
545,546,Coquimbo Unido,Universidad de Chile
546,547,Audax Italiano,Iquique
547,548,Colo-Colo,Universidad de Chile
548,549,Iquique,Iquique
549,550,Coquimbo Unido,Universidad de Chile
550,551,Universidad de Concepción,Curicó Unido
551,552,Iquique,Iquique
552,553,Coquimbo Unido,Curicó Unido
553,554,Coquimbo Unido,Universidad de Chile
554,555,Audax Italiano,Iquique
555,556,Iquique,Iquique
556,557,Coquimbo Unido,Universidad de Chile
557,558,Universidad de Concepción,Universidad de Chile
558,559,Coquimbo Unido,Iquique
559,560,Coquimbo Unido,Universidad de Chile
560,561,Universidad de Concepción,Universidad de Chile
561,562,Universidad de Concepción,Universidad de Chile
562,563,Universidad de Concepción,Universidad de Chile
563,564,Coquimbo Unido,Universidad de Concepción
564,565,Colo-Colo,Universidad de Chile
565,566,Universidad de Concepción,Curicó Unido
566,567,Audax Italiano,Universidad de Chile
567,568,Coquimbo Unido,Iquique
568,569,Coquimbo Unido,Universidad de Chile
569,570,Coquimbo Unido,Universidad de Chile
570,571,Colo-Colo,Universidad de Chile
571,572,Colo-Colo,Universidad de Concepción
572,573,Audax Italiano,Iquique
573,574,Colo-Colo,Universidad de Concepción
574,575,Coquimbo Unido,Curicó Unido
575,576,Colo-Colo,Universidad de Chile
576,577,Coquimbo Unido,Universidad de Chile
577,578,Coquimbo Unido,Universidad de Chile
578,579,Iquique,Iquique
579,580,Coquimbo Unido,Universidad de Concepción
580,581,Coquimbo Unido,Curicó Unido
581,582,Coquimbo Unido,La Serena
582,583,Coquimbo Unido,Universidad de Chile
583,584,Colo-Colo,Iquique
584,585,Colo-Colo,Universidad de Chile
585,586,Colo-Colo,Universidad de Chile
586,587,La Serena,Iquique
587,588,Audax Italiano,Iquique
588,589,Colo-Colo,Universidad de Concepción
589,590,Colo-Colo,Universidad de Chile
590,591,Colo-Colo,Iquique
591,592,Coquimbo Unido,Universidad de Chile
592,593,Universidad de Concepción,Universidad de Chile
593,594,Coquimbo Unido,Universidad de Chile
594,595,Cobresal,Universidad de Chile
595,596,Coquimbo Unido,Iquique
596,597,Universidad de Concepción,Universidad de Chile
597,598,Colo-Colo,Curicó Unido
598,599,Coquimbo Unido,La Serena
599,600,Universidad de Concepción,Universidad de Chile
600,601,Coquimbo Unido,Universidad de Concepción
601,602,Audax Italiano,Universidad de Chile
602,603,Audax Italiano,Universidad de Chile
603,604,Iquique,Iquique
604,605,Universidad de Concepción,Universidad de Chile
605,606,Universidad de Concepción,Curicó Unido
606,607,Colo-Colo,Universidad de Chile
607,608,Colo-Colo,Universidad de Chile
608,609,Coquimbo Unido,Universidad de Chile
609,610,Universidad de Concepción,Universidad de Chile
610,611,Colo-Colo,Universidad de Chile
611,612,Universidad de Concepción,Universidad de Chile
612,613,Audax Italiano,Iquique
613,614,Coquimbo Unido,Curicó Unido
614,615,Colo-Colo,Universidad de Concepción
615,616,Coquimbo Unido,Universidad de Chile
616,617,Colo-Colo,Iquique
617,618,Colo-Colo,Universidad de Chile
618,619,Universidad de Concepción,Antofagasta
619,620,Colo-Colo,Universidad de Chile
620,621,Colo-Colo,Universidad de Concepción
621,622,Audax Italiano,Iquique
622,623,Colo-Colo,Universidad de Concepción
623,624,Iquique,Iquique
624,625,Coquimbo Unido,Everton
625,626,Coquimbo Unido,Iquique
626,627,Iquique,Curicó Unido
627,628,Coquimbo Unido,Iquique
628,629,Coquimbo Unido,Universidad de Chile
629,630,Coquimbo Unido,Universidad de Chile
630,631,Colo-Colo,Universidad de Chile
631,632,Universidad de Concepción,Universidad de Chile
632,633,La Serena,Iquique
633,634,Iquique,Iquique
634,635,Coquimbo Unido,Universidad de Chile
635,636,Colo-Colo,Iquique
636,637,La Serena,Universidad de Chile
637,638,Colo-Colo,Universidad de Chile
638,639,Coquimbo Unido,Everton
639,640,Colo-Colo,Universidad de Chile
640,641,Colo-Colo,Universidad de Chile
641,642,Coquimbo Unido,Curicó Unido
642,643,Coquimbo Unido,Iquique
643,644,Colo-Colo,Curicó Unido
644,645,Audax Italiano,Everton
645,646,Colo-Colo,Everton
646,647,Coquimbo Unido,Universidad de Chile
647,648,Colo-Colo,La Serena
648,649,Iquique,Iquique
649,650,Colo-Colo,Universidad de Chile
650,651,Coquimbo Unido,Universidad de Chile
651,652,Universidad de Concepción,Universidad de Chile
652,653,Audax Italiano,Iquique
653,654,Universidad de Concepción,Universidad de Chile
654,655,Colo-Colo,Universidad de Chile
655,656,Audax Italiano,Iquique
656,657,Audax Italiano,Universidad de Chile
657,658,Colo-Colo,Iquique
658,659,Colo-Colo,Iquique
659,660,Colo-Colo,Universidad de Chile
660,661,Universidad de Concepción,Curicó Unido
661,662,Coquimbo Unido,Curicó Unido
662,663,Coquimbo Unido,Iquique
663,664,Colo-Colo,Iquique
664,665,Coquimbo Unido,Iquique
665,666,Universidad de Concepción,Universidad de Chile
666,667,Universidad de Concepción,Curicó Unido
667,668,Colo-Colo,Everton
668,669,Coquimbo Unido,Iquique
669,670,Colo-Colo,Universidad de Concepción
670,671,Coquimbo Unido,Universidad de Chile
671,672,Iquique,Iquique
672,673,Colo-Colo,Universidad de Concepción
673,674,Colo-Colo,Universidad de Chile
674,675,Audax Italiano,Iquique
675,676,Colo-Colo,Iquique
676,677,Universidad de Concepción,Curicó Unido
677,678,Coquimbo Unido,Universidad de Chile
678,679,Coquimbo Unido,Universidad de Chile
679,680,Iquique,Iquique
680,681,Colo-Colo,Universidad de Chile
681,682,Coquimbo Unido,Universidad de Chile
682,683,Colo-Colo,Universidad de Chile
683,684,Coquimbo Unido,Iquique
684,685,Coquimbo Unido,Universidad de Chile
685,686,Colo-Colo,Universidad de Concepción
686,687,Universidad de Concepción,Universidad de Chile
687,688,Universidad de Concepción,Everton
688,689,Universidad de Concepción,Universidad de Chile
689,690,Coquimbo Unido,Curicó Unido
690,691,Audax Italiano,Iquique
691,692,Audax Italiano,Iquique
692,693,Coquimbo Unido,Iquique
693,694,La Serena,Universidad de Chile
694,695,Colo-Colo,Universidad de Chile
695,696,Colo-Colo,Universidad de Chile
696,697,Colo-Colo,Iquique
697,698,La Serena,Universidad de Chile
698,699,Universidad de Concepción,La Serena
699,700,Universidad de Concepción,Universidad de Chile
700,701,Universidad de Concepción,Universidad de Chile
701,702,Universidad de Concepción,Universidad de Chile
702,703,Coquimbo Unido,Universidad de Chile
703,704,Colo-Colo,Universidad de Chile
704,705,La Serena,Universidad de Chile
705,706,Universidad de Concepción,Everton
706,707,Colo-Colo,Universidad de Chile
707,708,La Serena,Iquique
708,709,Coquimbo Unido,Universidad de Concepción
709,710,Coquimbo Unido,Universidad de Chile
710,711,La Serena,La Serena
711,712,Universidad de Concepción,Universidad de Chile
712,713,Audax Italiano,Universidad de Chile
713,714,Universidad de Concepción,Universidad de Chile
714,715,Iquique,Iquique
715,716,La Serena,Universidad de Chile
716,717,Coquimbo Unido,Universidad de Chile
717,718,Colo-Colo,Universidad de Chile
718,719,Colo-Colo,Universidad de Chile
719,720,Colo-Colo,Universidad de Chile
720,721,Universidad de Concepción,Curicó Unido
721,722,Colo-Colo,Universidad de Concepción
722,723,La Serena,Iquique
723,724,Universidad de Concepción,Antofagasta
724,725,Coquimbo Unido,Universidad de Chile
725,726,Universidad de Concepción,Universidad de Chile
726,727,Universidad de Concepción,Curicó Unido
727,728,La Serena,Curicó Unido
728,729,Universidad de Concepción,Universidad de Chile
729,730,Coquimbo Unido,Universidad de Chile
730,731,Coquimbo Unido,Curicó Unido
731,732,Coquimbo Unido,La Serena
732,733,Colo-Colo,Iquique
733,734,Universidad de Concepción,Curicó Unido
734,735,Colo-Colo,Universidad de Chile
735,736,La Serena,Universidad de Concepción
736,737,Colo-Colo,Universidad de Chile
737,738,Colo-Colo,Universidad de Chile
738,739,La Serena,Iquique
739,740,Audax Italiano,Iquique
740,741,Colo-Colo,Iquique
741,742,Coquimbo Unido,Universidad de Chile
742,743,Iquique,Iquique
743,744,Universidad de Concepción,Universidad de Chile
744,745,Colo-Colo,Everton
745,746,Iquique,Iquique
746,747,Universidad de Concepción,Universidad de Chile
747,748,Colo-Colo,Iquique
748,749,Coquimbo Unido,Universidad de Chile
749,750,Colo-Colo,Curicó Unido
750,751,Universidad de Concepción,Universidad de Chile
751,752,Colo-Colo,Universidad de Chile
752,753,Audax Italiano,Universidad de Chile
753,754,Audax Italiano,Universidad de Chile
754,755,Iquique,Iquique
755,756,Colo-Colo,Universidad de Chile
756,757,Universidad de Concepción,Everton
757,758,Colo-Colo,Iquique
758,759,Colo-Colo,Universidad de Chile
759,760,Coquimbo Unido,Iquique
760,761,Colo-Colo,Curicó Unido
761,762,Universidad de Concepción,Universidad de Chile
762,763,Iquique,Iquique
763,764,Coquimbo Unido,Universidad de Chile
764,765,Colo-Colo,Universidad de Chile
765,766,Audax Italiano,Universidad de Concepción
766,767,Universidad de Concepción,Universidad de Chile
767,768,Audax Italiano,Iquique
768,769,Universidad de Concepción,Curicó Unido
769,770,Universidad de Concepción,Universidad de Chile
770,771,Cobresal,Universidad de Chile
771,772,Universidad de Concepción,Universidad de Chile
772,773,Audax Italiano,Universidad de Chile
773,774,Coquimbo Unido,Iquique
774,775,Colo-Colo,Universidad de Chile
775,776,Coquimbo Unido,Iquique
776,777,Coquimbo Unido,Universidad de Chile
777,778,Coquimbo Unido,Everton
778,779,Coquimbo Unido,Iquique
779,780,Coquimbo Unido,Universidad de Concepción
780,781,Colo-Colo,Universidad de Concepción
781,782,Coquimbo Unido,Everton
782,783,Colo-Colo,Iquique
783,784,Coquimbo Unido,Universidad de Concepción
784,785,Colo-Colo,Universidad de Chile
785,786,Colo-Colo,Curicó Unido
786,787,Iquique,Iquique
787,788,Coquimbo Unido,Universidad de Chile
788,789,Colo-Colo,Universidad de Chile
789,790,Coquimbo Unido,Curicó Unido
790,791,Audax Italiano,Iquique
791,792,Coquimbo Unido,Universidad de Chile
792,793,Colo-Colo,Universidad de Concepción
793,794,Universidad de Concepción,Universidad de Chile
794,795,Iquique,Iquique
795,796,Colo-Colo,Iquique
796,797,Iquique,Universidad de Chile
797,798,Universidad de Concepción,Universidad de Chile
798,799,Colo-Colo,Universidad de Chile
799,800,Cobresal,Universidad de Chile
800,801,Colo-Colo,La Serena
801,802,Colo-Colo,Iquique
802,803,Audax Italiano,Universidad de Chile
803,804,Universidad de Concepción,Universidad de Chile
804,805,Colo-Colo,Iquique
805,806,Colo-Colo,Curicó Unido
806,807,Universidad de Concepción,Universidad de Chile
807,808,Audax Italiano,Iquique
808,809,Iquique,Iquique
809,810,Universidad de Concepción,Antofagasta
810,811,Coquimbo Unido,Universidad de Chile
811,812,Iquique,Iquique
812,813,Colo-Colo,Universidad de Concepción
813,814,Universidad de Concepción,Universidad de Chile
814,815,Audax Italiano,Iquique
815,816,Colo-Colo,Universidad de Chile
816,817,Iquique,Iquique
817,818,Audax Italiano,Universidad de Chile
818,819,Coquimbo Unido,Curicó Unido
819,820,Iquique,Iquique
820,821,Universidad de Concepción,Universidad de Chile
821,822,Coquimbo Unido,Curicó Unido
822,823,Colo-Colo,Iquique
823,824,Coquimbo Unido,Iquique
824,825,Iquique,Iquique
825,826,Iquique,Iquique
826,827,Universidad de Concepción,Universidad de Chile
827,828,Coquimbo Unido,Curicó Unido
828,829,Coquimbo Unido,Universidad de Chile
829,830,Audax Italiano,Iquique
830,831,La Serena,Curicó Unido
831,832,Coquimbo Unido,Universidad de Concepción
832,833,Audax Italiano,Iquique
833,834,Universidad de Concepción,Universidad de Chile
834,835,Coquimbo Unido,Everton
835,836,Colo-Colo,Universidad de Concepción
836,837,Coquimbo Unido,Universidad de Concepción
837,838,Coquimbo Unido,Iquique
838,839,Colo-Colo,Universidad de Concepción
839,840,Colo-Colo,Universidad de Chile
840,841,Coquimbo Unido,Universidad de Chile
841,842,Colo-Colo,Curicó Unido
842,843,Iquique,Universidad de Chile
843,844,Audax Italiano,Antofagasta
844,845,Universidad de Concepción,Universidad de Chile
845,846,Coquimbo Unido,Universidad de Chile
846,847,Universidad de Concepción,La Serena
847,848,Iquique,Iquique
848,849,Universidad de Concepción,Universidad de Chile
849,850,La Serena,Iquique
850,851,Colo-Colo,Curicó Unido
851,852,Coquimbo Unido,Universidad de Chile
852,853,Coquimbo Unido,Iquique
853,854,Coquimbo Unido,Universidad de Chile
854,855,Universidad de Concepción,Curicó Unido
855,856,Audax Italiano,Universidad de Concepción
856,857,Coquimbo Unido,Iquique
857,858,Colo-Colo,Curicó Unido
858,859,Universidad de Concepción,Universidad de Chile
859,860,Colo-Colo,Iquique
860,861,Colo-Colo,Iquique
861,862,Universidad de Concepción,Universidad de Chile
862,863,Colo-Colo,Universidad de Chile
863,864,Coquimbo Unido,Universidad de Chile
864,865,Colo-Colo,Universidad de Chile
865,866,Coquimbo Unido,Universidad de Chile
866,867,Coquimbo Unido,Universidad de Chile
867,868,Universidad de Concepción,La Serena
868,869,Coquimbo Unido,La Serena
869,870,Iquique,Iquique
870,871,Coquimbo Unido,Curicó Unido
871,872,Coquimbo Unido,Curicó Unido
872,873,Audax Italiano,Iquique
873,874,Colo-Colo,Iquique
874,875,Cobresal,Iquique
875,876,La Serena,Antofagasta
876,877,Coquimbo Unido,Universidad de Chile
877,878,Colo-Colo,Universidad de Chile
878,879,La Serena,Iquique
879,880,Colo-Colo,Iquique
880,881,Iquique,Iquique
881,882,Coquimbo Unido,Universidad de Chile
882,883,Iquique,Iquique
883,884,Coquimbo Unido,Iquique
884,885,Colo-Colo,Universidad de Concepción
885,886,Coquimbo Unido,Curicó Unido
886,887,Coquimbo Unido,Universidad de Chile
887,888,Everton,Universidad de Chile
888,889,Coquimbo Unido,Iquique
889,890,Iquique,Iquique
890,891,Audax Italiano,Universidad de Chile
891,892,Colo-Colo,Universidad de Concepción
892,893,Audax Italiano,Universidad de Chile
893,894,Coquimbo Unido,Antofagasta
894,895,Colo-Colo,Universidad de Chile
895,896,Audax Italiano,Universidad de Chile
896,897,Coquimbo Unido,Iquique
897,898,Coquimbo Unido,Universidad de Chile
898,899,La Serena,Universidad de Chile
899,900,Colo-Colo,Universidad de Concepción
900,901,Iquique,Iquique
901,902,Coquimbo Unido,Universidad de Chile
902,903,Iquique,Iquique
903,904,Colo-Colo,Iquique
904,905,Colo-Colo,Universidad de Chile
905,906,Universidad de Concepción,Universidad de Chile
906,907,Colo-Colo,Universidad de Concepción
907,908,Coquimbo Unido,Curicó Unido
908,909,Coquimbo Unido,Universidad de Concepción
909,910,Colo-Colo,Iquique
910,911,Colo-Colo,Universidad de Concepción
911,912,Coquimbo Unido,Universidad de Chile
912,913,Colo-Colo,Universidad de Chile
913,914,Colo-Colo,Iquique
914,915,Audax Italiano,Curicó Unido
915,916,Colo-Colo,Universidad de Chile
916,917,Iquique,Iquique
917,918,Colo-Colo,La Serena
918,919,Colo-Colo,Universidad de Chile
919,920,Colo-Colo,Universidad de Chile
920,921,Colo-Colo,Universidad de Chile
921,922,Universidad de Concepción,Universidad de Chile
922,923,Coquimbo Unido,Iquique
923,924,La Serena,Universidad de Chile
924,925,Coquimbo Unido,Iquique
925,926,Universidad de Concepción,Universidad de Chile
926,927,Coquimbo Unido,Universidad de Chile
927,928,Coquimbo Unido,Curicó Unido
928,929,Universidad de Concepción,Universidad de Chile
929,930,Coquimbo Unido,Universidad de Chile
930,931,Coquimbo Unido,Universidad de Chile
931,932,Coquimbo Unido,Universidad de Chile
932,933,Coquimbo Unido,Everton
933,935,Universidad de Concepción,Antofagasta
934,936,Audax Italiano,Iquique
935,937,Coquimbo Unido,Iquique
936,938,Coquimbo Unido,Universidad de Chile
937,939,Colo-Colo,Iquique
938,940,Colo-Colo,Universidad de Chile
939,941,Colo-Colo,Universidad de Chile
940,942,Audax Italiano,Iquique
941,943,Cobresal,Universidad de Chile
942,944,Iquique,La Serena
943,945,Colo-Colo,Universidad de Chile
944,946,Colo-Colo,Universidad de Concepción
945,947,Universidad de Concepción,Universidad de Chile
946,948,Iquique,Iquique
947,949,Colo-Colo,Curicó Unido
948,950,Colo-Colo,Iquique
949,951,Universidad de Concepción,Universidad de Chile
950,952,Colo-Colo,Iquique
951,953,Coquimbo Unido,Iquique
952,954,Iquique,Iquique
953,955,Coquimbo Unido,Curicó Unido
954,956,Colo-Colo,Universidad de Chile
955,957,Colo-Colo,Universidad de Chile
956,958,Colo-Colo,Universidad de Chile
957,959,Coquimbo Unido,Universidad de Chile
958,960,Universidad de Concepción,Universidad de Chile
959,961,Colo-Colo,Iquique
960,962,Coquimbo Unido,Curicó Unido
961,963,Colo-Colo,Universidad de Chile
962,964,Coquimbo Unido,Iquique
963,965,Coquimbo Unido,Iquique
964,966,Colo-Colo,Universidad de Chile
965,967,Coquimbo Unido,Universidad de Chile
966,969,Coquimbo Unido,Universidad de Chile
967,970,Coquimbo Unido,Curicó Unido
968,971,Coquimbo Unido,Universidad de Chile
969,972,Universidad de Concepción,Universidad de Chile
970,973,Iquique,Iquique
971,974,Colo-Colo,Curicó Unido
972,975,Colo-Colo,Iquique
973,976,Iquique,Iquique
974,977,Colo-Colo,Universidad de Chile
975,978,Colo-Colo,La Serena
976,979,Audax Italiano,Iquique
977,980,Colo-Colo,Curicó Unido
978,981,Iquique,Iquique
979,982,Colo-Colo,Universidad de Concepción
980,983,Coquimbo Unido,Universidad de Chile
981,984,Universidad de Concepción,Curicó Unido
982,985,Coquimbo Unido,Curicó Unido
983,986,Colo-Colo,Universidad de Chile
984,987,Colo-Colo,Universidad de Chile
985,988,Universidad de Concepción,Curicó Unido
986,989,La Serena,Iquique
987,990,Coquimbo Unido,Curicó Unido
988,991,Universidad de Concepción,Curicó Unido
989,992,Universidad de Concepción,Universidad de Chile
990,993,Universidad de Concepción,Universidad de Chile
991,994,Audax Italiano,Iquique
992,995,Coquimbo Unido,Universidad de Chile
993,996,Colo-Colo,Universidad de Concepción
994,997,Coquimbo Unido,Universidad de Chile
995,998,Coquimbo Unido,Universidad de Chile
996,999,Universidad de Concepción,Universidad de Chile
997,1000,Colo-Colo,Universidad de Chile
